chr,LOD,peak,left_index,right_index,reporter,replicate,comparison,pathway
7,32.61,407800,392100,430100,ODC,1,5_6,ubi
7,39.94,407200,393300,421700,ODC,1,5_8,ubi
7,18.95,420900,397100,451300,ODC,1,7_6,ubi
7,24.39,414600,398200,429100,ODC,1,7_8,ubi
7,24.87,410200,388000,433300,ODC,2,5_6,ubi
7,27.66,407700,394200,428600,ODC,2,5_8,ubi
7,16.62,417000,384600,448900,ODC,2,7_6,ubi
7,18.73,407500,390600,443300,ODC,2,7_8,ubi
7,5.12,422200,376100,532600,rpn4,2,7_8,ubi
7,5.35,415000,378900,463100,rpn4,2,7_6,ubi
7,51.04,404900,394800,424800,ala,1,5_6,Ac/N-end
7,19.19,385200,367800,410500,ala,2,5_6,Ac/N-end
7,13.87,401400,380900,433300,gly,1,5_6,Ac/N-end
7,15.31,417500,383200,442600,gly,2,5_6,Ac/N-end
7,26.43,415900,400800,432900,pro,1,5_6,Ac/N-end
7,38.08,432400,422200,440600,pro,2,5_6,Ac/N-end
7,41.06,402400,395000,423400,ser,1,5_6,Ac/N-end
7,17.72,408900,377900,419600,ser,2,5_6,Ac/N-end
7,15.93,410100,395200,434900,thr,1,5_6,Ac/N-end
7,30.97,412300,392200,427900,thr,2,5_6,Ac/N-end
7,8.38,428400,387800,482200,trp,1,5_6,Arg/N-end
7,10.12,414800,390700,452200,trp,2,5_6,Arg/N-end
7,5.89,431000,371100,476500,val,1,5_6,Ac/N-end
7,12.71,403200,381600,459700,val,2,5_6,Ac/N-end
